-- =============================================
-- RoamIQ Seed Data
-- Run this in Supabase SQL Editor AFTER the schema
-- =============================================

-- Temporarily disable RLS for seeding
ALTER TABLE cities DISABLE ROW LEVEL SECURITY;
ALTER TABLE cost_of_living DISABLE ROW LEVEL SECURITY;
ALTER TABLE visa_info DISABLE ROW LEVEL SECURITY;
ALTER TABLE meetups DISABLE ROW LEVEL SECURITY;

-- â”€â”€ Cities â”€â”€
INSERT INTO cities (id, name, country, flag, image, continent, overall_score, cost_score, internet_score, safety_score, fun_score, walkability_score, nightlife_score, air_score, cost_usd, internet_mbps, avg_temp, visa_difficulty, air_quality) VALUES
('bangkok', 'Bangkok', 'Thailand', 'ًں‡¹ًں‡­', 'https://images.unsplash.com/photo-1508009603885-50cf7c579365?w=800', 'Asia', 4.2, 3.8, 3.5, 3.2, 4.8, 3.0, 4.7, 2.8, 950, 45, 28, 'Easy', 'Moderate'),
('lisbon', 'Lisbon', 'Portugal', 'ًں‡µًں‡¹', 'https://images.unsplash.com/photo-1585208798174-6cedd86e019a?w=800', 'Europe', 4.5, 3.2, 4.0, 4.2, 4.3, 4.0, 4.0, 4.2, 2200, 85, 18, 'Medium', 'Good'),
('bali', 'Bali', 'Indonesia', 'ًں‡®ًں‡©', 'https://images.unsplash.com/photo-1537996194471-e657df975ab4?w=800', 'Asia', 4.0, 4.2, 2.8, 3.5, 4.5, 2.5, 3.8, 3.0, 1100, 25, 27, 'Easy', 'Moderate'),
('medellin', 'Medellأ­n', 'Colombia', 'ًں‡¨ًں‡´', 'https://images.unsplash.com/photo-1541783245831-57d6fb0926d3?w=800', 'South America', 3.9, 4.0, 3.2, 2.8, 4.5, 3.5, 4.5, 3.5, 1200, 35, 22, 'Easy', 'Moderate'),
('berlin', 'Berlin', 'Germany', 'ًں‡©ًں‡ھ', 'https://images.unsplash.com/photo-1467269204594-9661b134dd2b?w=800', 'Europe', 4.3, 2.5, 4.5, 4.0, 4.2, 4.5, 4.8, 3.8, 2800, 100, 10, 'Hard', 'Good'),
('tokyo', 'Tokyo', 'Japan', 'ًں‡¯ًں‡µ', 'https://images.unsplash.com/photo-1540959733332-eab4deabeeaf?w=800', 'Asia', 4.4, 2.0, 4.8, 4.8, 4.5, 4.8, 4.2, 3.5, 3200, 150, 16, 'Medium', 'Moderate'),
('chiangmai', 'Chiang Mai', 'Thailand', 'ًں‡¹ًں‡­', 'https://images.unsplash.com/photo-1528181304800-259b08848526?w=800', 'Asia', 4.1, 4.5, 3.2, 3.5, 3.8, 2.8, 3.5, 2.5, 750, 30, 26, 'Easy', 'Poor'),
('barcelona', 'Barcelona', 'Spain', 'ًں‡ھًں‡¸', 'https://images.unsplash.com/photo-1583422409516-2895a77efded?w=800', 'Europe', 4.3, 2.8, 4.0, 3.8, 4.7, 4.5, 4.5, 4.0, 2500, 80, 17, 'Medium', 'Good'),
('mexicocity', 'Mexico City', 'Mexico', 'ًں‡²ًں‡½', 'https://images.unsplash.com/photo-1516482362041-8b87b69ed28d?w=800', 'North America', 3.7, 3.8, 3.0, 2.5, 4.3, 3.2, 4.5, 2.2, 1300, 28, 17, 'Easy', 'Poor'),
('budapest', 'Budapest', 'Hungary', 'ًں‡­ًں‡؛', 'https://images.unsplash.com/photo-1551867633-194f125bddfa?w=800', 'Europe', 4.2, 3.5, 4.2, 4.0, 4.0, 4.0, 4.3, 3.5, 1600, 90, 12, 'Medium', 'Moderate'),
('dubai', 'Dubai', 'UAE', 'ًں‡¦ًں‡ھ', 'https://images.unsplash.com/photo-1512453979798-5ea266f8880c?w=800', 'Asia', 3.8, 1.8, 4.5, 4.8, 3.8, 2.5, 3.5, 2.0, 3500, 120, 33, 'Easy', 'Poor'),
('tbilisi', 'Tbilisi', 'Georgia', 'ًں‡¬ًں‡ھ', 'https://images.unsplash.com/photo-1548786811-dd6e453ccca7?w=800', 'Europe', 3.9, 4.5, 3.0, 4.0, 3.5, 3.5, 3.8, 3.8, 900, 25, 15, 'Easy', 'Good');

-- â”€â”€ Cost of Living â”€â”€
INSERT INTO cost_of_living (city_id, housing, coworking, food, transport, internet, entertainment, health, visa, misc, tip1, tip2, tip3) VALUES
('bangkok', 450, 120, 300, 50, 25, 100, 80, 30, 95, 'Eat at local street food stalls to save 60% on food', 'Use Grab moto-taxi instead of regular taxis', 'Stay in Ari or Ekkamai for cheaper rent with great vibes'),
('lisbon', 950, 180, 450, 45, 35, 150, 120, 50, 220, 'Live in Almada for half the rent with river views', 'Get a NHR tax regime for potential tax savings', 'Use the monthly metro pass for unlimited transport'),
('bali', 500, 150, 250, 80, 30, 120, 60, 50, 60, 'Rent a villa in Canggu long-term for best value', 'Use GoJek for affordable transport and food delivery', 'Get a social visa (B211A) for 6-month stays'),
('medellin', 550, 130, 280, 40, 25, 100, 70, 40, 65, 'Stay in Laureles instead of Poblado for cheaper rent', 'Use the Metro system - it is clean and affordable', 'Eat at corrientazo restaurants for $2-3 meals'),
('berlin', 1100, 200, 500, 86, 35, 200, 200, 80, 399, 'Apply for the freelance visa for long-term stays', 'Shop at Lidl or Aldi for affordable groceries', 'Use the BVG monthly ticket for all public transport'),
('tokyo', 1200, 200, 500, 80, 40, 200, 150, 60, 270, 'Live in share houses for affordable social living', 'Eat at conveyor belt sushi and ramen shops', 'Get a JR Pass for affordable train travel'),
('barcelona', 1050, 170, 420, 50, 35, 180, 130, 60, 205, 'Consider Grأ cia or Poblenou for better value', 'Use the T-Casual card for discounted metro rides', 'Eat menأ؛ del dأ­a for affordable lunch deals'),
('budapest', 600, 150, 300, 35, 20, 120, 90, 50, 135, 'Live in District 8 or 9 for affordable central living', 'Eat at أ©tkezdekek (local canteens) for cheap meals', 'Use Bubi bike sharing for daily commuting'),
('dubai', 1500, 250, 600, 100, 80, 300, 250, 100, 320, 'Consider Sharjah for much cheaper rent nearby', 'Use the metro and avoid taxis during peak hours', 'Look for happy hour deals at upscale restaurants'),
('chiangmai', 300, 100, 200, 30, 20, 80, 50, 30, 40, 'Nimman area has the best coworking and cafe scene', 'Rent a scooter for affordable daily transport', 'Eat at university area food courts for 40 baht meals');

-- â”€â”€ Visa Info â”€â”€
INSERT INTO visa_info (country, flag, tourist_days, has_dn_visa, dn_visa_cost, dn_visa_duration) VALUES
('Thailand', 'ًں‡¹ًں‡­', 60, true, '$500', '6 months'),
('Portugal', 'ًں‡µًں‡¹', 90, true, 'â‚¬180', '1 year'),
('Indonesia', 'ًں‡®ًں‡©', 30, true, '$300', '6 months'),
('Spain', 'ًں‡ھًں‡¸', 90, true, 'â‚¬70', '1 year'),
('Germany', 'ًں‡©ًں‡ھ', 90, true, 'â‚¬100', '1-3 years'),
('Colombia', 'ًں‡¨ًں‡´', 90, true, '$170', '2 years'),
('Georgia', 'ًں‡¬ًں‡ھ', 365, false, 'N/A', 'N/A'),
('Croatia', 'ًں‡­ًں‡·', 90, true, 'â‚¬80', '1 year'),
('Estonia', 'ًں‡ھًں‡ھ', 90, true, 'â‚¬100', '1 year'),
('UAE', 'ًں‡¦ًں‡ھ', 30, true, '$287', '1 year'),
('Mexico', 'ًں‡²ًں‡½', 180, false, 'N/A', 'N/A'),
('Brazil', 'ًں‡§ًں‡·', 90, true, 'R$168', '1 year');

-- â”€â”€ Meetups â”€â”€
INSERT INTO meetups (id, title, type, date, time, city, location, attendees, max_attendees, icon) VALUES
('a1b2c3d4-0001-4000-8000-000000000001', 'Bangkok Coworking Friday', 'Coworking Session', 'Jun 14, 2025', '9:00 AM', 'Bangkok', 'The Hive Thonglor', 12, 20, 'ًں’»'),
('a1b2c3d4-0002-4000-8000-000000000002', 'Lisbon Digital Nomads Meetup', 'Networking Event', 'Jun 15, 2025', '6:00 PM', 'Lisbon', 'Second Home Lisbon', 28, 40, 'ًں¤‌'),
('a1b2c3d4-0003-4000-8000-000000000003', 'Bali Sunset Surf Session', 'Hiking Group', 'Jun 16, 2025', '4:00 PM', 'Bali', 'Echo Beach, Canggu', 8, 15, 'ًںڈ„'),
('a1b2c3d4-0004-4000-8000-000000000004', 'Berlin Coffee & Code', 'Coffee Meetup', 'Jun 17, 2025', '10:00 AM', 'Berlin', 'Betahaus Cafأ©', 6, 12, 'âک•'),
('a1b2c3d4-0005-4000-8000-000000000005', 'Medellأ­n Workshop: Remote Taxes', 'Workshop', 'Jun 18, 2025', '2:00 PM', 'Medellأ­n', 'Selina Co-work', 15, 25, 'ًں“ڑ'),
('a1b2c3d4-0006-4000-8000-000000000006', 'Budapest Nomad Walking Tour', 'Networking Event', 'Jun 19, 2025', '11:00 AM', 'Budapest', 'Deأ،k Ferenc tأ©r', 10, 20, 'ًںڑ¶');

-- â”€â”€ Re-enable RLS â”€â”€
ALTER TABLE cities ENABLE ROW LEVEL SECURITY;
ALTER TABLE cost_of_living ENABLE ROW LEVEL SECURITY;
ALTER TABLE visa_info ENABLE ROW LEVEL SECURITY;
ALTER TABLE meetups ENABLE ROW LEVEL SECURITY;
